{
    "(2, 2)": {
        "time run": 2,
        "error": 0.812525028896884
    },
    "(2, 4)": {
        "time run": 2,
        "error": 0.881401331602486
    },
    "(2, 8)": {
        "time run": 2,
        "error": 0.8347837329411716
    },
    "(2, 10)": {
        "time run": 2,
        "error": 0.8209958475397069
    },
    "(2, 16)": {
        "time run": 2,
        "error": 0.8569021231359613
    },
    "(2, 24)": {
        "time run": 3,
        "error": 0.8548351170498235
    },
    "(2, 32)": {
        "time run": 2,
        "error": 0.8221438059157127
    },
    "(2, 48)": {
        "time run": 2,
        "error": 0.8667595462011183
    },
    "(2, 64)": {
        "time run": 2,
        "error": 0.7730121764666154
    },
    "(2, 72)": {
        "time run": 2,
        "error": 0.8241112071245884
    },
    "(5, 2)": {
        "time run": 2,
        "error": 0.7815140354656709
    },
    "(5, 4)": {
        "time run": 1,
        "error": 0.6962977717434112
    },
    "(5, 8)": {
        "time run": 2,
        "error": 0.6829115417590977
    },
    "(5, 10)": {
        "time run": 2,
        "error": 0.7131071286444944
    },
    "(5, 16)": {
        "time run": 2,
        "error": 0.7195005294939841
    },
    "(5, 24)": {
        "time run": 3,
        "error": 0.80029658153881
    },
    "(5, 32)": {
        "time run": 3,
        "error": 0.7317423477264342
    },
    "(5, 48)": {
        "time run": 3,
        "error": 0.6316637946234843
    },
    "(5, 64)": {
        "time run": 2,
        "error": 0.759674394779418
    },
    "(5, 72)": {
        "time run": 3,
        "error": 0.7134723918014038
    },
    "(10, 2)": {
        "time run": 3,
        "error": 0.6218981447916618
    },
    "(10, 4)": {
        "time run": 3,
        "error": 0.6503627500984888
    },
    "(10, 8)": {
        "time run": 5,
        "error": 0.6263474136072391
    },
    "(10, 10)": {
        "time run": 2,
        "error": 0.6353719926816269
    },
    "(10, 16)": {
        "time run": 2,
        "error": 0.5994571719093618
    },
    "(10, 24)": {
        "time run": 3,
        "error": 0.6124548679565524
    },
    "(10, 32)": {
        "time run": 3,
        "error": 0.5792926478580755
    },
    "(10, 48)": {
        "time run": 2,
        "error": 0.6764454651940688
    },
    "(10, 64)": {
        "time run": 2,
        "error": 0.6832319453416849
    },
    "(10, 72)": {
        "time run": 3,
        "error": 0.5809753357969442
    },
    "(50, 2)": {
        "time run": 2,
        "error": 0.43966155956009983
    },
    "(50, 4)": {
        "time run": 4,
        "error": 0.3771147521337193
    },
    "(50, 8)": {
        "time run": 4,
        "error": 0.39149548199019846
    },
    "(50, 10)": {
        "time run": 4,
        "error": 0.3749846874782065
    },
    "(50, 16)": {
        "time run": 5,
        "error": 0.374936347740982
    },
    "(50, 24)": {
        "time run": 5,
        "error": 0.37675597474064465
    },
    "(50, 32)": {
        "time run": 6,
        "error": 0.498354155801336
    },
    "(50, 48)": {
        "time run": 5,
        "error": 0.5602338663098211
    },
    "(50, 64)": {
        "time run": 5,
        "error": 0.36500315361591884
    },
    "(50, 72)": {
        "time run": 3,
        "error": 0.43100713040622257
    },
    "(100, 2)": {
        "time run": 5,
        "error": 0.2844250339511337
    },
    "(100, 4)": {
        "time run": 5,
        "error": 0.3004373235493792
    },
    "(100, 8)": {
        "time run": 5,
        "error": 0.3032739961312329
    },
    "(100, 10)": {
        "time run": 4,
        "error": 0.3991991187623967
    },
    "(100, 16)": {
        "time run": 6,
        "error": 0.37981407686344243
    },
    "(100, 24)": {
        "time run": 4,
        "error": 0.2766430134195068
    },
    "(100, 32)": {
        "time run": 5,
        "error": 0.3843704230357585
    },
    "(100, 48)": {
        "time run": 5,
        "error": 0.2811692034574672
    },
    "(100, 64)": {
        "time run": 4,
        "error": 0.2878915942010722
    },
    "(100, 72)": {
        "time run": 5,
        "error": 0.2932077048971795
    },
    "(200, 2)": {
        "time run": 10,
        "error": 0.1731896026355772
    },
    "(200, 4)": {
        "time run": 9,
        "error": 0.21002218352884278
    },
    "(200, 8)": {
        "time run": 8,
        "error": 0.2014032242392556
    },
    "(200, 10)": {
        "time run": 8,
        "error": 0.18035007528216324
    },
    "(200, 16)": {
        "time run": 6,
        "error": 0.3058934157365102
    },
    "(200, 24)": {
        "time run": 9,
        "error": 0.18200479108552378
    },
    "(200, 32)": {
        "time run": 11,
        "error": 0.16007027083350028
    },
    "(200, 48)": {
        "time run": 12,
        "error": 0.26010170249637155
    },
    "(200, 64)": {
        "time run": 11,
        "error": 0.16042158954327027
    },
    "(200, 72)": {
        "time run": 11,
        "error": 0.19431581625041083
    },
    "(256, 2)": {
        "time run": 10,
        "error": 0.17547382788348814
    },
    "(256, 4)": {
        "time run": 10,
        "error": 0.1818802247191564
    },
    "(256, 8)": {
        "time run": 12,
        "error": 0.1793929527893004
    },
    "(256, 10)": {
        "time run": 11,
        "error": 0.15897223738378682
    },
    "(256, 16)": {
        "time run": 8,
        "error": 0.36400828792592155
    },
    "(256, 24)": {
        "time run": 9,
        "error": 0.19460357635447934
    },
    "(256, 32)": {
        "time run": 9,
        "error": 0.19761715515140316
    },
    "(256, 48)": {
        "time run": 10,
        "error": 0.19336881752945362
    },
    "(256, 64)": {
        "time run": 15,
        "error": 0.17720864063870068
    },
    "(256, 72)": {
        "time run": 11,
        "error": 0.14806695997512548
    },
    "(400, 2)": {
        "time run": 17,
        "error": 0.08553840101300669
    },
    "(400, 4)": {
        "time run": 20,
        "error": 0.05996284117020446
    },
    "(400, 8)": {
        "time run": 20,
        "error": 0.058303905549223024
    },
    "(400, 10)": {
        "time run": 20,
        "error": 0.06896913087499305
    },
    "(400, 16)": {
        "time run": 19,
        "error": 0.03294462842286372
    },
    "(400, 24)": {
        "time run": 17,
        "error": 0.18730700885136564
    },
    "(400, 32)": {
        "time run": 18,
        "error": 0.1344986983770151
    },
    "(400, 48)": {
        "time run": 16,
        "error": 0.08485829161886832
    },
    "(400, 64)": {
        "time run": 16,
        "error": 0.08998875361273026
    },
    "(400, 72)": {
        "time run": 17,
        "error": 0.13331367499803978
    },
    "(512, 2)": {
        "time run": 17,
        "error": 0.08553840101300669
    },
    "(512, 4)": {
        "time run": 19,
        "error": 0.17141836858010764
    },
    "(512, 8)": {
        "time run": 17,
        "error": 0.11793224817046825
    },
    "(512, 10)": {
        "time run": 17,
        "error": 0.13996501434735478
    },
    "(512, 16)": {
        "time run": 20,
        "error": 0.0976726412258027
    },
    "(512, 24)": {
        "time run": 16,
        "error": 0.15396521573537306
    },
    "(512, 32)": {
        "time run": 18,
        "error": 0.15290866076518833
    },
    "(512, 48)": {
        "time run": 18,
        "error": 0.1181776838778117
    },
    "(512, 64)": {
        "time run": 18,
        "error": 0.11215215230354998
    },
    "(512, 72)": {
        "time run": 17,
        "error": 0.07235352016968491
    },