{
    "(2, 2)": {
        "time run": 14,
        "error": 0.054894428459345675
    },
    "(2, 4)": {
        "time run": 16,
        "error": 0.03156479462741161
    },
    "(2, 8)": {
        "time run": 24,
        "error": 0.022828487563067025
    },
    "(2, 10)": {
        "time run": 17,
        "error": 0.022511544032432915
    },
    "(2, 16)": {
        "time run": 18,
        "error": 0.04005319708421174
    },
    "(2, 24)": {
        "time run": 18,
        "error": 0.0470191281629078
    },
    "(2, 32)": {
        "time run": 14,
        "error": 0.047872793468896634
    },
    "(2, 48)": {
        "time run": 27,
        "error": 0.02088546177625442
    },
    "(2, 64)": {
        "time run": 17,
        "error": 0.03226369001024728
    },
    "(2, 72)": {
        "time run": 24,
        "error": 0.0322176156457928
    },
    "(3, 2)": {
        "time run": 11,
        "error": 0.06068128677536568
    },
    "(3, 4)": {
        "time run": 10,
        "error": 0.06736230129995212
    },
    "(3, 8)": {
        "time run": 12,
        "error": 0.057333779271345725
    },
    "(3, 10)": {
        "time run": 10,
        "error": 0.0569867057055455
    },
    "(3, 16)": {
        "time run": 16,
        "error": 0.0426246304947148
    },
    "(3, 24)": {
        "time run": 14,
        "error": 0.05676143480371175
    },
    "(3, 32)": {
        "time run": 16,
        "error": 0.037405713922126396
    },
    "(3, 48)": {
        "time run": 7,
        "error": 0.062411934611848026
    },
    "(3, 64)": {
        "time run": 10,
        "error": 0.06880856049160392
    },
    "(3, 72)": {
        "time run": 10,
        "error": 0.0729145374012814
    },
    "(4, 2)": {
        "time run": 15,
        "error": 0.03792582616619487
    },
    "(4, 4)": {
        "time run": 4,
        "error": 0.13015830263238404
    },
    "(4, 8)": {
        "time run": 7,
        "error": 0.07471366465709794
    },
    "(4, 10)": {
        "time run": 7,
        "error": 0.10941761276329551
    },
    "(4, 16)": {
        "time run": 14,
        "error": 0.060569596789072595
    },
    "(4, 24)": {
        "time run": 8,
        "error": 0.09636109824302037
    },
    "(4, 32)": {
        "time run": 7,
        "error": 0.08441922139597678
    },
    "(4, 48)": {
        "time run": 7,
        "error": 0.09063356962680769
    },
    "(4, 64)": {
        "time run": 11,
        "error": 0.055114319169633136
    },
    "(4, 72)": {
        "time run": 5,
        "error": 0.11091688146931221
    },
    "(5, 2)": {
        "time run": 5,
        "error": 0.11207977144571678
    },
    "(5, 4)": {
        "time run": 4,
        "error": 0.12633110489101476
    },
    "(5, 8)": {
        "time run": 6,
        "error": 0.10553994273224747
    },
    "(5, 10)": {
        "time run": 8,
        "error": 0.07688049572160086
    },
    "(5, 16)": {
        "time run": 8,
        "error": 0.07521294098932475
    },
    "(5, 24)": {
        "time run": 7,
        "error": 0.11430004226564867
    },
    "(5, 32)": {
        "time run": 6,
        "error": 0.12184471059907283
    },
    "(5, 48)": {
        "time run": 4,
        "error": 0.11457571002373952
    },
    "(5, 64)": {
        "time run": 4,
        "error": 0.14677077257383764
    },
    "(5, 72)": {
        "time run": 8,
        "error": 0.087278175675479
    },
    "(6, 2)": {
        "time run": 5,
        "error": 0.1381875293500357
    },
    "(6, 4)": {
        "time run": 6,
        "error": 0.13791066598462853
    },
    "(6, 8)": {
        "time run": 6,
        "error": 0.13166814061664814
    },
    "(6, 10)": {
        "time run": 3,
        "error": 0.17277029598790225
    },
    "(6, 16)": {
        "time run": 3,
        "error": 0.1879733363186086
    },
    "(6, 24)": {
        "time run": 4,
        "error": 0.13803296160138367
    },
    "(6, 32)": {
        "time run": 4,
        "error": 0.13704287825465603
    },
    "(6, 48)": {
        "time run": 3,
        "error": 0.18745338568398412
    },
    "(6, 64)": {
        "time run": 3,
        "error": 0.1832862929478662
    },
    "(6, 72)": {
        "time run": 6,
        "error": 0.08901986384918263
    },
    "(7, 2)": {
        "time run": 5,
        "error": 0.1187653815239888
    },
    "(7, 4)": {
        "time run": 4,
        "error": 0.18326778877284186
    },
    "(7, 8)": {
        "time run": 6,
        "error": 0.13945762941213521
    },
    "(7, 10)": {
        "time run": 3,
        "error": 0.21338105849583341
    },
    "(7, 16)": {
        "time run": 5,
        "error": 0.13023036606510757
    },
    "(7, 24)": {
        "time run": 3,
        "error": 0.18160623097425913
    },
    "(7, 32)": {
        "time run": 4,
        "error": 0.14591528708016457
    },
    "(7, 48)": {
        "time run": 3,
        "error": 0.2121055477564983
    },
    "(7, 64)": {
        "time run": 5,
        "error": 0.1236788766393301
    },
    "(7, 72)": {
        "time run": 3,
        "error": 0.1880138126737338
    },
    "(8, 2)": {
        "time run": 3,
        "error": 0.22322391683970538
    },
    "(8, 4)": {
        "time run": 2,
        "error": 0.2543036438906763
    },
    "(8, 8)": {
        "time run": 2,
        "error": 0.19593671039707897
    },
    "(8, 10)": {
        "time run": 3,
        "error": 0.20232701688642996
    },
    "(8, 16)": {
        "time run": 3,
        "error": 0.19540400779610748
    },
    "(8, 24)": {
        "time run": 3,
        "error": 0.16358307321299917
    },
    "(8, 32)": {
        "time run": 3,
        "error": 0.17307851340741187
    },
    "(8, 48)": {
        "time run": 3,
        "error": 0.1740261971988559
    },
    "(8, 64)": {
        "time run": 4,
        "error": 0.184399158839731
    },
    "(8, 72)": {
        "time run": 2,
        "error": 0.2341042674338104
    },
    "(9, 2)": {
        "time run": 2,
        "error": 0.22700039101965122
    },
    "(9, 4)": {
        "time run": 2,
        "error": 0.2561979752718405
    },
    "(9, 8)": {
        "time run": 3,
        "error": 0.16967674883494446
    },
    "(9, 10)": {
        "time run": 2,
        "error": 0.23132405364341554
    },
    "(9, 16)": {
        "time run": 3,
        "error": 0.2240602682725973
    },
    "(9, 24)": {
        "time run": 1,
        "error": 0.302803785981189
    },
    "(9, 32)": {
        "time run": 3,
        "error": 0.24659270925744445
    },
    "(9, 48)": {
        "time run": 2,
        "error": 0.3290046208749624
    },
    "(9, 64)": {
        "time run": 2,
        "error": 0.18683835058689993
    },
    "(9, 72)": {
        "time run": 3,
        "error": 0.16079760550206662
    },
    "(10, 2)": {
        "time run": 2,
        "error": 0.31868443766150845
    },
    "(10, 4)": {
        "time run": 2,
        "error": 0.25616731076908106
    },
    "(10, 8)": {
        "time run": 2,
        "error": 0.23192658571107366
    },
    "(10, 10)": {
        "time run": 2,
        "error": 0.3021676392723307
    },
    "(10, 16)": {
        "time run": 2,
        "error": 0.320494166028653
    },
    "(10, 24)": {
        "time run": 3,
        "error": 0.2718051968487486
    },
    "(10, 32)": {
        "time run": 2,
        "error": 0.23360580708782805
    },
    "(10, 48)": {
        "time run": 4,
        "error": 0.17537435148235123
    },
    "(10, 64)": {
        "time run": 2,
        "error": 0.2698079219517364
    },
    "(10, 72)": {
        "time run": 2,
        "error": 0.30511702407669067
    },
    "(12, 2)": {
        "time run": 1,
        "error": 0.31822540694897
    },