{
    "(2, 2)": {
        "time run": 255,
        "error": 0.03166616599757117
    },
    "(2, 4)": {
        "time run": 180,
        "error": 0.04120684235975492
    },
    "(2, 8)": {
        "time run": 272,
        "error": 0.03340844813896258
    },
    "(2, 10)": {
        "time run": 194,
        "error": 0.04589178542310837
    },
    "(2, 16)": {
        "time run": 347,
        "error": 0.02310515959736226
    },
    "(2, 24)": {
        "time run": 227,
        "error": 0.04002070118610602
    },
    "(2, 32)": {
        "time run": 311,
        "error": 0.03180660328506714
    },
    "(2, 48)": {
        "time run": 283,
        "error": 0.03466708740419657
    },
    "(2, 64)": {
        "time run": 272,
        "error": 0.03541081565600946
    },
    "(2, 72)": {
        "time run": 255,
        "error": 0.038763548289743356
    },
    "(3, 2)": {
        "time run": 174,
        "error": 0.05569989405759061
    },
    "(3, 4)": {
        "time run": 200,
        "error": 0.047871004269381255
    },
    "(3, 8)": {
        "time run": 229,
        "error": 0.04570016588608654
    },
    "(3, 10)": {
        "time run": 156,
        "error": 0.0585837476933149
    },
    "(3, 16)": {
        "time run": 173,
        "error": 0.04340052533309831
    },
    "(3, 24)": {
        "time run": 153,
        "error": 0.06272209068582676
    },
    "(3, 32)": {
        "time run": 154,
        "error": 0.05206987074401412
    },
    "(3, 48)": {
        "time run": 182,
        "error": 0.04277224046373717
    },
    "(3, 64)": {
        "time run": 109,
        "error": 0.06390362064973934
    },
    "(3, 72)": {
        "time run": 200,
        "error": 0.04901983309735404
    },
    "(4, 2)": {
        "time run": 81,
        "error": 0.0795610495300275
    },
    "(4, 4)": {
        "time run": 138,
        "error": 0.08007599702800158
    },
    "(4, 8)": {
        "time run": 82,
        "error": 0.08850336828436964
    },
    "(4, 10)": {
        "time run": 54,
        "error": 0.08231904677674415
    },
    "(4, 16)": {
        "time run": 169,
        "error": 0.05922892853085017
    },
    "(4, 24)": {
        "time run": 148,
        "error": 0.07204466578345174
    },
    "(4, 32)": {
        "time run": 84,
        "error": 0.08543558264029333
    },
    "(4, 48)": {
        "time run": 92,
        "error": 0.06805395664229053
    },
    "(4, 64)": {
        "time run": 119,
        "error": 0.0758369823540355
    },
    "(4, 72)": {
        "time run": 90,
        "error": 0.08628627932713193
    },
    "(5, 2)": {
        "time run": 101,
        "error": 0.08273957568013486
    },
    "(5, 4)": {
        "time run": 77,
        "error": 0.09790391189107565
    },
    "(5, 8)": {
        "time run": 97,
        "error": 0.08017322661457532
    },
    "(5, 10)": {
        "time run": 92,
        "error": 0.07573258910487264
    },
    "(5, 16)": {
        "time run": 124,
        "error": 0.075443822259024
    },
    "(5, 24)": {
        "time run": 65,
        "error": 0.11682718781838711
    },
    "(5, 32)": {
        "time run": 86,
        "error": 0.09057065808189764
    },
    "(5, 48)": {
        "time run": 69,
        "error": 0.09339352619871356
    },
    "(5, 64)": {
        "time run": 52,
        "error": 0.11111182414684852
    },
    "(5, 72)": {
        "time run": 52,
        "error": 0.10518644309886538
    },
    "(6, 2)": {
        "time run": 34,
        "error": 0.1417084432600545
    },
    "(6, 4)": {
        "time run": 52,
        "error": 0.11614604744649769
    },
    "(6, 8)": {
        "time run": 45,
        "error": 0.13526960979558955
    },
    "(6, 10)": {
        "time run": 93,
        "error": 0.0870545463095283
    },
    "(6, 16)": {
        "time run": 72,
        "error": 0.0924450558061227
    },
    "(6, 24)": {
        "time run": 37,
        "error": 0.13035729682793834
    },
    "(6, 32)": {
        "time run": 70,
        "error": 0.09891829698916806
    },
    "(6, 48)": {
        "time run": 47,
        "error": 0.11534525835747457
    },
    "(6, 64)": {
        "time run": 96,
        "error": 0.09794471380826933
    },
    "(6, 72)": {
        "time run": 30,
        "error": 0.12357218615974158
    },
    "(7, 2)": {
        "time run": 19,
        "error": 0.15984710695280238
    },
    "(7, 4)": {
        "time run": 15,
        "error": 0.18958398860974213
    },
    "(7, 8)": {
        "time run": 63,
        "error": 0.1109156780856194
    },
    "(7, 10)": {
        "time run": 19,
        "error": 0.1746400432211531
    },
    "(7, 16)": {
        "time run": 57,
        "error": 0.10380918157928189
    },
    "(7, 24)": {
        "time run": 16,
        "error": 0.18147593314325214
    },
    "(7, 32)": {
        "time run": 81,
        "error": 0.09219766193756292
    },
    "(7, 48)": {
        "time run": 28,
        "error": 0.1529949551572013
    },
    "(7, 64)": {
        "time run": 51,
        "error": 0.13417033863275976
    },
    "(7, 72)": {
        "time run": 35,
        "error": 0.13562212866265508
    },
    "(8, 2)": {
        "time run": 34,
        "error": 0.15329032530318934
    },
    "(8, 4)": {
        "time run": 15,
        "error": 0.20147091585654525
    },
    "(8, 8)": {
        "time run": 16,
        "error": 0.18990923658774314
    },
    "(8, 10)": {
        "time run": 16,
        "error": 0.19455353269139417
    },
    "(8, 16)": {
        "time run": 30,
        "error": 0.16338705711720702
    },
    "(8, 24)": {
        "time run": 28,
        "error": 0.17715811086541255
    },
    "(8, 32)": {
        "time run": 30,
        "error": 0.16269429385887157
    },
    "(8, 48)": {
        "time run": 70,
        "error": 0.1289699217013978
    },
    "(8, 64)": {
        "time run": 18,
        "error": 0.1838136368388839
    },
    "(8, 72)": {
        "time run": 53,
        "error": 0.1380702712807927
    },
    "(9, 2)": {
        "time run": 26,
        "error": 0.17303010369663874
    },
    "(9, 4)": {
        "time run": 20,
        "error": 0.2108610717368353
    },
    "(9, 8)": {
        "time run": 17,
        "error": 0.19715915407992146
    },
    "(9, 10)": {
        "time run": 12,
        "error": 0.230934151433209
    },
    "(9, 16)": {
        "time run": 11,
        "error": 0.23453550847276503
    },
    "(9, 24)": {
        "time run": 12,
        "error": 0.22668232222186194
    },
    "(9, 32)": {
        "time run": 41,
        "error": 0.16821233106020486
    },
    "(9, 48)": {
        "time run": 12,
        "error": 0.23088915444394345
    },
    "(9, 64)": {
        "time run": 14,
        "error": 0.22974882212085335
    },
    "(9, 72)": {
        "time run": 14,
        "error": 0.22055708352292858
    },
    "(10, 2)": {
        "time run": 17,
        "error": 0.202905029489055
    },
    "(10, 4)": {
        "time run": 12,
        "error": 0.24498591970027706
    },
    "(10, 8)": {
        "time run": 15,
        "error": 0.22823094105937494
    },
    "(10, 10)": {
        "time run": 10,
        "error": 0.2711320376342685
    },
    "(10, 16)": {
        "time run": 14,
        "error": 0.20035743692149713
    },
    "(10, 24)": {
        "time run": 13,
        "error": 0.21397235619407579
    },
    "(10, 32)": {
        "time run": 16,
        "error": 0.2299304586054755
    },
    "(10, 48)": {
        "time run": 34,
        "error": 0.16682149993404605
    },
    "(10, 64)": {
        "time run": 12,
        "error": 0.24450034844143967
    },
    "(10, 72)": {
        "time run": 21,